{"cameraMode":{"drawMode":0,"name":"Shaded","section":"Shading Mode"},"sceneLighting":true,"audioPlay":false,"sceneViewState":{"showFog":false,"showMaterialUpdate":false,"showSkybox":false,"showFlares":false,"showImageEffects":false,"showParticleSystems":false},"in2DMode":false,"pivot":{"x":-9.663200378417969,"y":2.9829461574554445,"z":-34.750701904296878},"rotation":{"x":-0.04136088863015175,"y":0.045323826372623447,"z":-0.0018768375739455224,"w":-0.9981139898300171},"size":16.108440399169923,"orthographic":false}