{"cameraMode":{"drawMode":0,"name":"Shaded","section":"Shading Mode"},"sceneLighting":false,"audioPlay":false,"sceneViewState":{"showFog":false,"showMaterialUpdate":false,"showSkybox":false,"showFlares":false,"showImageEffects":false,"showParticleSystems":false},"in2DMode":false,"pivot":{"x":0.038812339305877689,"y":0.3083946406841278,"z":0.8693519234657288},"rotation":{"x":-0.1058088168501854,"y":0.603646457195282,"z":-0.08125956356525421,"w":-0.7860104441642761},"size":1.9498106241226197,"orthographic":false}