{"cameraMode":{"drawMode":0,"name":"Shaded","section":"Shading Mode"},"sceneLighting":false,"audioPlay":false,"sceneViewState":{"showFog":false,"showMaterialUpdate":false,"showSkybox":false,"showFlares":false,"showImageEffects":false,"showParticleSystems":false},"in2DMode":false,"pivot":{"x":0.18447455763816834,"y":0.1599830687046051,"z":-1.7942638397216797},"rotation":{"x":-0.1058088168501854,"y":0.603646457195282,"z":-0.08125956356525421,"w":-0.7860104441642761},"size":1.3670090436935425,"orthographic":false}