{"cameraMode":{"drawMode":0,"name":"Shaded","section":"Shading Mode"},"sceneLighting":false,"audioPlay":false,"sceneViewState":{"showFog":false,"showMaterialUpdate":false,"showSkybox":false,"showFlares":false,"showImageEffects":false,"showParticleSystems":false},"in2DMode":false,"pivot":{"x":-1.336951732635498,"y":4.581629753112793,"z":-24.80828857421875},"rotation":{"x":0.0016569894505664707,"y":-0.9969442486763,"z":0.07492663711309433,"w":0.022031722590327264},"size":23.00601577758789,"orthographic":false}