{"cameraMode":{"drawMode":0,"name":"Shaded","section":"Shading Mode"},"sceneLighting":false,"audioPlay":false,"sceneViewState":{"showFog":false,"showMaterialUpdate":false,"showSkybox":false,"showFlares":false,"showImageEffects":false,"showParticleSystems":false},"in2DMode":false,"pivot":{"x":-34.193878173828128,"y":0.4747922420501709,"z":-4.574418544769287},"rotation":{"x":0.34353771805763247,"y":0.10084876418113709,"z":-0.03713559731841087,"w":0.9329696893692017},"size":2.156318187713623,"orthographic":false}