{"cameraMode":{"drawMode":0,"name":"Shaded","section":"Shading Mode"},"sceneLighting":false,"audioPlay":false,"sceneViewState":{"showFog":false,"showMaterialUpdate":false,"showSkybox":false,"showFlares":false,"showImageEffects":false,"showParticleSystems":false},"in2DMode":false,"pivot":{"x":-9.044222831726075,"y":-5.813662052154541,"z":0.14846888184547425},"rotation":{"x":-0.060983363538980487,"y":-0.5970101952552795,"z":0.0455903522670269,"w":-0.7986121773719788},"size":1.6533911228179932,"orthographic":false}