{"cameraMode":{"drawMode":0,"name":"Shaded","section":"Shading Mode"},"sceneLighting":false,"audioPlay":false,"sceneViewState":{"showFog":false,"showMaterialUpdate":false,"showSkybox":false,"showFlares":false,"showImageEffects":false,"showParticleSystems":false},"in2DMode":false,"pivot":{"x":0.11664556711912155,"y":0.11091293394565582,"z":0.2133677899837494},"rotation":{"x":-0.1058088168501854,"y":0.603646457195282,"z":-0.08125956356525421,"w":-0.7860104441642761},"size":1.927380084991455,"orthographic":false}