{"cameraMode":{"drawMode":0,"name":"Shaded","section":"Shading Mode"},"sceneLighting":true,"audioPlay":false,"sceneViewState":{"showFog":false,"showMaterialUpdate":false,"showSkybox":false,"showFlares":false,"showImageEffects":false,"showParticleSystems":false},"in2DMode":false,"pivot":{"x":0.0,"y":0.16900062561035157,"z":-6.279999256134033},"rotation":{"x":-0.11848969012498856,"y":0.026224834844470025,"z":-0.0031302955467253925,"w":-0.9926040172576904},"size":120.0311279296875,"orthographic":false}