{"cameraMode":{"drawMode":0,"name":"Shaded","section":"Shading Mode"},"sceneLighting":false,"audioPlay":false,"sceneViewState":{"showFog":false,"showMaterialUpdate":false,"showSkybox":false,"showFlares":false,"showImageEffects":false,"showParticleSystems":false},"in2DMode":false,"pivot":{"x":0.6948816180229187,"y":0.713880181312561,"z":-2.030564308166504},"rotation":{"x":-0.007825070060789585,"y":-0.9909510612487793,"z":0.11618629842996597,"w":-0.06675019860267639},"size":7.106431007385254,"orthographic":false}